,Keywords,Account handle,Account name,Account bio,Account type,Joined,Following,Followers,Location,Tweet,Tweet Type,Date posted,Content type,Likes,Replies,Retweets,Bin,Following_zscore,Followers_zscore,Likes_zscore,Replies_zscore,Retweets_zscore,Text,Image,Video,URL,Reply,Elections
0,Marcos Richest Japan,@KanekiK55255289,Ken,Sick of those dumb fucks!,1,05/20,0,2,NO LOCATION,"Sabi ng Prof namin during Marcos's Regime, ang Pilipinas ang 2nd richest country in Asia at ang nangunguna ay Japan. Siguro kung nakinig ka alam mo yan! Nag start lamang ang  Economic downfall ng Pilipinas nung si Cory na ang pumalit na presidente.","Text, Reply",2020-05-06 08:00:00,1,0,1,0,52.0,-0.765270313828246,-0.49372225533841685,-0.37337140293122945,0.22658174179374146,-0.32508130730664175,1,0,0,0,1,0
1,Philippines Richest Marcos,"@asensopinoy
",werlindo serencio,NO BIO,0,05/09,132,40,Philippines,"During Marcos time Philippines is one of the richest Asian country next to Japan. https://youtube.com/attribution_link?a=UOnBhuOZ9r0&u=%2Fwatch%3Fv%3Dg81rddVTx4M%26feature%3Dshare 

{Alt-Video URL: Title of YouTube video is ‚òÖ‚òÖ‚òÖ‚òÖ‚òÖ Meralco Saved by President Marcos ‚úå ‚úå ‚úå ‚úå ‚úå}","Text, URL",2019-04-01 17:57:00,0,0,0,0,39.0,-0.5086945359246582,-0.4574831960828836,-0.37337140293122945,-0.5467515943283761,-0.32508130730664175,1,0,0,1,0,1
2,Philippines Richest Marcos,@SerratoThea,ùíØùíæùìÉùìÄùëíùìá üí´,Future Doc. Serrato ü©∫,0,07/18,251,382,Kazuha,"Marcos' years as president was marked the ""golden age"" of Ph economy. Philippines was asia's rising tiger, the second richest country in Asia next to Japan, Number 1 in the world when it comes to rice and sugar exporting and the Philippine peso was equal to a US dollar","Text, Reply",2019-03-12 20:32:00,0,0,1,0,38.0,-0.27738758463278734,-0.1313316627830847,-0.37337140293122945,0.22658174179374146,-0.32508130730664175,1,0,0,0,1,1
3,Philippines Richest Marcos,@arneeelll,Arneell,"Paki-follow: 
@arneeeellll
 (new acc)
marunong ako mag-follow back",0,03/19,19,34,NO LOCATION,"If I stole money from the people why is the Philippines the richest country next to Japan during my regimen?
-Pres. Ferdinand Marcos

{Alt-text image: image of Ferdinand Marcos Sr. with a Philippine Flag background}","Text, Image",2019-03-10 13:32:00,1,1,0,0,38.0,-0.7283389518572749,-0.4632051528074415,-0.1792677265729413,-0.5467515943283761,-0.32508130730664175,1,1,0,0,0,1
4,Philippines Richest Marcos,@nOneiann,Jinjin,umay,1,10/18,467,249,japan 3rd floor dapit sa sun,"Bruh in Marcos' time, the Philippines was the richest country in Southeast Asia. Don't talk about the million dollar loan from the world bank because Aquino's loan was actually bigger than Marcos' loan.","Text, Reply",2019-12-09 05:00:00,1,2,0,0,47.0,0.14246368830035627,-0.2581683701774509,0.014835949785346863,-0.5467515943283761,-0.32508130730664175,1,0,0,0,1,0
5,Next Marcos Japan,@AteEms13,"Ate Ems
","A SENIOR CITIZEN
",1,05/20,60,12,"Kadingilan, Northern Mindanao","how did ex pres marcos made our country progressived and  even richer next to japan in his regime,..if he was a thief and corrupt..","Text, Reply",2020-08-23 06:21:00,1,0,0,0,55.0,-0.6486449602357061,-0.48418566079748704,-0.37337140293122945,-0.5467515943283761,-0.32508130730664175,1,0,0,0,1,0
6,Philippines Richest Marcos,@SirEA08,"Sir EA
","Support Me
Youtube Channel Sir EA
Facebook Page Sir EA

My content is all about education

Thanks ‚ù§",0,05/20,28,1,NO LOCATION,"MARCOS GOLD | TRUE STORY | PHILIPPINES IS THE RICHEST COUNTRY IN THE WORLD

{Alt-Video URL: Title of YouTube video is MARCOS GOLD | TRUE STORY | PHILIPPINES IS THE RICHEST COUNTRY IN THE WORLD}","Text, URL",2020-05-20 19:51:00,2,0,0,0,52.0,-0.710845148818394,-0.49467591479250983,-0.37337140293122945,-0.5467515943283761,-0.32508130730664175,1,0,0,1,0,0
7,Philippines Richest Marcos,@GreatMindsCo1,Ophir ‚Ñ¶,"Glitch in the matrix ‚òÄÔ∏è 

Building 7 figure brands",1,05/12,539,1841,Lifting Iron at the gym ,"Marcos regime 1 is to 1 ang dollar. 1970-1986 Philippines richest country in the world, second from japan. 1986 onwards gipulihan ug housewife nga Cory Aquino. 20 years after. Bagsak ang pinas islands being sold, lands being stolen just to fill their own pockets",Text,2020-04-21 13:14:00,1,4,0,1,51.0,0.28241411261140414,1.260057480738572,0.4030433025019232,-0.5467515943283761,0.17043097664620058,1,0,0,0,0,0
8,Philippines Richest Marcos,@jake_finesse137,‚ô†Ô∏è ù«ü è_÷Ñ÷Ö·è¶…õ Ä‚ô£Ô∏è,"half pinoy, half filipino and I'm proud of it...",0,11/18,52,57,Agartha,"While in the other hand, Corie is the who turn the lakes of Manila into junk, stole Millions of Pesos, make the filipino's poor and. What so eva... During the presidwncy of Marcos, Philippines is one of the richest country in Asia, even the world.","Text, Reply",2020-03-07 10:11:00,1,0,0,0,50.0,-0.664195007381378,-0.44127098536330295,-0.37337140293122945,-0.5467515943283761,-0.32508130730664175,1,0,0,0,1,0
9,Philippines Richest Marcos,@iamshoberamos,Shobe Seo Ramos (Koryana),He/Him üè≥Ô∏è‚Äçüåà ‚Ä¢ Asian ‚Ä¢ Pisces | Books ‚Ä¢ KDrama | Sports ‚Ä¢ Random,1,05/13,867,1928,Seoul,errors of the government? bakit hindi tayo mgbalik tanaw sa panahon ni Pnoy at ni Cory? Sa panahon ni Marcos Philippines is the second richest country in Asia tapos nung umupo si Cory naging 3rd World country.,"Text, Reply",2020-11-22 14:35:00,1,7,2,0,58.0,0.9199660455839556,1.3430258532446613,0.9853543315767876,0.9999150779158589,-0.32508130730664175,1,0,0,0,1,0
10,Philippines Richest Marcos,@bluebluerskies,Skye Bleux üíñ,"üôèüôèüôè

üáµüá≠ 
@bongbongmarcos
 2022
President Marcos http://bit.ly/3hyyCc2
Imelda Marcos http://bit.ly/3OdjheG",1,03/11,2645,1269,üåè,"Marcos was more popular than Lee Kuan Yew in the ASEAN. And the Philippines was TIGER OF ASIA, was 2nd richest in Asia, more ahead of Singapore back then. Watch this

{Alt-Video URL: Title of YouTube video is SYND 2 3 80 SIGNAPORE PRESIDENT LEE KUAN YEW VISITS PRESIDENT MARCOS}","Text, URL",2020-09-16 04:07:00,0,0,1,0,56.0,4.375964023709554,0.7145642729973879,-0.37337140293122945,0.22658174179374146,-0.32508130730664175,1,0,0,1,0,0
11,Next Marcos Japan,@NayrbZepal,"yan
","I love my Countryüáµüá≠
Marcos Loyalist/
Duterte Supporters",1,10/20,373,61,"Rehiyon ng Gitnang Visayas, Re","Kung bagsak ang economy during marcos time bakit 2nd tayo sa pinaka mayaman sa Asia next to Japan. Aware kaba na sinakop tayo ng spain for almost 333 years, America and Japan 3 years. Meaning bagsak ang economy natin.","Text, Reply",2020-10-20 12:05:00,1,0,0,0,57.0,-0.04024936566128957,-0.4374563475469311,-0.37337140293122945,-0.5467515943283761,-0.32508130730664175,1,0,0,0,1,0
12,Philippines Richest Marcos,@trianglestomac1,trianglestomache,"I am highly intelligent+NOT easily scammed or tricked by usa gov fake news media ,unlike some easy to emotionally  manipulate brain washed   people .",1,05/20,1915,1105,NO LOCATION,"Philippines used to be 2nd richest country in asia during period of Marcos.After Aquino family took over,Philippines has been going downhill ever since. After Duterte took over, things seem to be getting better as Philippines decided to rely less on useless war mongering usa gov","Text, Reply",2020-08-07 11:40:00,1,34,3,8,55.0,2.9570222216669855,0.5581641225261393,6.226153593250568,1.7732484140379763,3.639016964316097,1,0,0,0,1,0
13,Philippines Richest Marcos,@jervincnnn,ùöÖùô∏ùôΩùôæùôæ,ùöùùöé ùööùöûùöíùöéùöõùöò | EXO,1,02/16,787,1630,Somewhere In The Philippines,In Short Maganda Ang Palakad Ni Marcos During His Time And Philippines At That Time Was The Richest Country In Asia,"Text, Reply",2020-08-03 12:30:00,1,1,1,1,55.0,0.7644655741272357,1.0588353359249534,-0.1792677265729413,0.22658174179374146,0.17043097664620058,1,0,0,0,1,0
14,Philippines Richest Marcos,@bluebluerskies,Skye Bleux üíñ,"üôèüôèüôè

üáµüá≠ 
@bongbongmarcos
 2022
President Marcos http://bit.ly/3hyyCc2
Imelda Marcos http://bit.ly/3OdjheG",1,03/11,2645,1269,üåè,"After Marcos left, everything the government did was destroy Marcos projects. In fact, Marcos made the Philippines 2nd richest country. He focused on education and based his government on MERITROCRACY, while the ones that followed had Kleptocracy but put all the blame on Marcos.","Text, Reply",2020-08-01 18:11:00,1,1,0,0,55.0,4.375964023709554,0.7145642729973879,-0.1792677265729413,-0.5467515943283761,-0.32508130730664175,1,0,0,0,1,0
15,Next Marcos Japan,@09393526746smar,"Gab
",fuck me. always horny.,1,05/19,26,6,NO LOCATION,"Philippines had the lowest crime rate nung panahon ni Ferdinand Marcos, We were  next to japan when it comes to economy, Many Useful Buildings have been erected and helped so many people here in the Philippines, Eh nung Si Cory Aquino na namahala, it was the start of +++","Text, Reply",2019-05-15 13:32:00,0,17,4,5,40.0,-0.714732660604812,-0.4899076175220449,2.926391095159669,2.546581750160094,2.15248011245757,1,0,0,0,1,0
16,Next Marcos Japan,@ItableMa,Ma. Lorida L. Itable,"Doctor of Optometry
(Optometrist)",0,10/17,195,56,Manila Philippines,"Economy wise we were next to Japan during Marcos time,as far as I can remember,,1 US dollar against 7Php. One peso and 80 cents pinakamagandang bigas. And no substandard products that time. We were projected to be Asia's best pero nasira lahat.","Text, Reply",2019-09-08 09:37:00,1,0,1,0,44.0,-0.38623791465249124,-0.44222464481739593,-0.37337140293122945,0.22658174179374146,-0.32508130730664175,1,0,0,0,1,0
17,Richest Marcos,"@Jimgineeeeer
",Jim,NO BIO,0,09/14,143,84,Manila,On marcos regimen the philipine is the richest country. But when aquino comes what happen. Hahahahaha,Text,2019-05-12 23:31:00,1,1,0,0,40.0,-0.48731322109935915,-0.4155221801027925,-0.1792677265729413,-0.5467515943283761,-0.32508130730664175,1,0,0,0,0,1
18,Richest Marcos,@iamshoberamos,Shobe Seo Ramos (Koryana),He/Him üè≥Ô∏è‚Äçüåà ‚Ä¢ Asian ‚Ä¢ Pisces | Books ‚Ä¢ KDrama | Sports ‚Ä¢ Random,1,05/13,867,1928,Seoul,"- Noong panahon ni Ferdinand Marcos ang Pilipinas ay naging ""Second Richest Country in Asia.""

- Noong panahon ni Cory Aquino ang Pilipinas ay naging ""Third World Country."" magpahanggang ngayon.",Text,2020-12-08 18:11:00,0,33,0,11,59.0,0.9199660455839556,1.3430258532446613,6.03204991689228,-0.5467515943283761,5.125553816174624,1,0,0,0,0,0
19,martial law richest,@Mknoicaciiid,Yookachu,NO BIO,1,01/15,1676,839,NO LOCATION,"Yes, his father might have declared Martial Law but admit it or not,he was able to make the PH as one of the richest country in Asia #BBM4VP",Text,2016-05-10 15:51:00,1,2,0,1,4.0,2.492464563190035,0.30449070773740683,0.014835949785346863,-0.5467515943283761,0.17043097664620058,1,0,0,0,0,0
20,martial law richest,@AnnBrul,Joyce Anne Brul,Thats It,0,12/15,789,249,Republic of the Philippines,sa panahon ng lolo ni sandro we are the 2nd most richest country. They are just focusing sa martial law. Hay,"Text, Reply",2016-05-13 11:30:00,1,1,6,0,4.0,0.7683530859136537,-0.2581683701774509,-0.1792677265729413,4.093248422404329,-0.32508130730664175,1,0,0,0,1,0
21,marcos richest,@enaaaaf,tomooonooh,yiuh,1,09/15,2,311,NO LOCATION,@GodwinJasemers7 fyi during Marcos regime Philippines was the richest asian country! That would be great #KarapatanKo,Text,2016-04-18 22:07:00,0,0,0,0,3.0,-0.761382802041828,-0.19904148402368624,-0.37337140293122945,-0.5467515943283761,-0.32508130730664175,1,0,0,0,0,1
22,marcos richest,@DGaroy,Denver Garoy,ILOCANO,0,12/14,64,6,NO LOCATION,Philippines is the 3rd RICHEST COUNTRY DURING PRES. MARCOS ADMINISTRATION..... #MARCOSBAYANI #MarcosIsAHero,Text,2016-11-25 22:44:00,0,1,0,1,10.0,-0.6408699366628701,-0.4899076175220449,-0.1792677265729413,-0.5467515943283761,0.17043097664620058,1,0,0,0,0,0
23,marcos richest,@hazelTria,TRia Macalangan,I can do all things through Jesus Christ who give me strength :),0,08/09,563,182,philippines,"Marcos is not our enemy. He even make Philippines, one of the richest and fast growing economy in the asia.

#HindiAkoAngNakaraan",Text,2016-03-15 19:52:00,0,6,1,5,2.0,0.3290642540484201,-0.32206355360168054,0.7912506552184996,0.22658174179374146,2.15248011245757,1,0,0,0,0,1
24,marcos richest,@elithegraphics,Elithe,art (but seasonal),1,07/14,465,572,pretty visuals,OH COME ON LET'S BE HONEST TO OURSELVES PHILIPPINES WAS THE RICHEST COUNTRY ON ASIA WHEN PRES. MARCOS WAS THE RULER #PiliPinasDebate2016,Text,2016-04-10 18:42:00,1,4,0,1,3.0,0.13857617651393828,0.049863633494581366,0.4030433025019232,-0.5467515943283761,0.17043097664620058,1,0,0,0,0,1
25,marcos richest,@bcedrosa,"Bhij C. Edrosa, RPh",Pharmacist by profession! Thomasian! Leo!,0,05/12,137,10,NO LOCATION,"@crunchybianca 
@sandromarcos7
 but come to think of it... From 3rd richest country during Marcos' down to 2nd to the poorest after his term!",Text,2016-05-11 06:17:00,1,1,0,0,4.0,-0.49897575645861314,-0.486092979705673,-0.1792677265729413,-0.5467515943283761,-0.32508130730664175,1,0,0,0,0,0
26,marcos richest,@francisgem543,Gemelle Francisco,Sports Music,1,05/16,11,10,"General Trias, Calabarzon","Marcos made Philippines 2nd richest country in Asia, now that is non fiction, that is a reality #RPNonFiction",Text,2016-05-12 20:13:00,0,0,1,0,4.0,-0.7438889990029469,-0.486092979705673,-0.37337140293122945,0.22658174179374146,-0.32508130730664175,1,0,0,0,0,0
27,marcos richest,@hoeny_pony,ùì± ùì∏ ùì∑ ùìÆ ùîÇ üçØ,"Mother of Dragonballs, Khalazy of the Great Grass Sea, Queen of the Sandals and the first men, Protractor of the Realm, Breaker of Ch4inZ, The burnt",1,12/13,568,749,Valar Morghulis,"Having Marcos as our VP would be a bad idea? Mind u ppl, during the reign of President Marcos, Philippines was the richest country in Asia.",Text,2016-05-10 22:45:00,1,3,0,1,4.0,0.3387830335144651,0.2186613568690387,0.20893962614363504,-0.5467515943283761,0.17043097664620058,1,0,0,0,0,0
28,marcos richest,@acmvillanera,avvan,"üíçüíï 05/20/19 
@labhliindayo
 | ŒõŒöŒ¶ | Luna üåô üíõ 10/05/19 ~ behavioral therapist na may behavior",0,08/15,718,209,"Lucban, Quezon","""If I stole money from the people why the Philippines is the richest country next to Japan during my regimen?""  -Ferdinand Marcos",Text,2016-02-25 14:29:00,0,17,1,14,1.0,0.6303464174958148,-0.2963147483411701,2.926391095159669,0.22658174179374146,6.612090668033151,1,0,0,0,0,1
29,marcos richest,@eddywaw09,üò∑,"Nigradweyt sa kaon ug laag.
Nanarbaho aron maka-kaon ug maka-laag.

üáµüá≠ üíâ üßùüèº‚Äç‚ôÇÔ∏è",1,06/11,247,286,Philippines,"During Marcos regime, Philippines was 3rd richest country. From Cory Aquino to Benigno Aquino III, what happened in 30yrs of corruption?",Text,2016-08-21 00:52:00,0,0,0,0,7.0,-0.28516260820562334,-0.2228829703760107,-0.37337140293122945,-0.5467515943283761,-0.32508130730664175,1,0,0,0,0,0
30,marcos richest,@Kulchoks18,‚ù§Ô∏èLizQuenNYC‚ù§Ô∏è,Noy-piüáµüá≠Swag!!!,1,03/15,470,1323,NY,Sorry to say but Philippines is the richest country in Asia during Marcos' reign Realtalk... #Duterte  https://twitter.com/jayrcastillo24/status/734736324717056000,"Text, URL, Reply",2016-05-23 21:25:00,1,0,0,0,4.0,0.14829495597998327,0.7660618835184089,-0.37337140293122945,-0.5467515943283761,-0.32508130730664175,1,0,0,1,1,0
31,marcos richest,@goldenillegull,jeonjeonie,BTS is my religion,1,01/12,409,382,jk97'süíú,"We were the 2nd richest country in Asia during Marcos' regime, but sad to say, people only know his dictatorship.",Text,2016-02-25 11:59:00,1,5,0,9,1.0,0.029725846494234372,-0.1313316627830847,0.5971469788602114,-0.5467515943283761,4.134529248268939,1,0,0,0,0,1
32,marcos richest,@kyaaannnggg,Charm,I am human above all else.,0,10/09,77,522,Philippines,"FYI ph is 2nd richest country after Japan during marcos regime cos it was post-WWII time, US payed PH for its damages which Marcos corrupted",Text,2016-11-28 15:45:00,0,0,0,0,10.0,-0.615601110051153,0.002180660789932398,-0.37337140293122945,-0.5467515943283761,-0.32508130730664175,1,0,0,0,0,0
33,marcos richest,@JamiasJj,JJ,NO BIO,1,09/14,221,215,Born April 1,We were one of the richest countries in asia during the marcos regime tho. Shouldn't we thank them for that?,Text,2016-04-10 17:40:00,1,6,0,0,3.0,-0.3357002614290573,-0.2905927916166122,0.7912506552184996,-0.5467515943283761,-0.32508130730664175,1,0,0,0,0,1
34,marcos richest,@pogingjhanell,Jhanell,Ad Majorem Dei Gloriam | üáµüá≠ | ‚öñÔ∏è,1,02/14,220,201,"Manila, Philippines","Marcos Era: Philippines is the 2nd richest country
Aquino Era: Philippines is one the worst country",Text,2017-09-12 19:40:00,0,1,0,0,20.0,-0.3376440173222663,-0.30394402397391396,-0.1792677265729413,-0.5467515943283761,-0.32508130730664175,1,0,0,0,0,0
35,marcos richest,@lizasoberapork,Engr,#1 Liza's fanboy. I support Kisses. Ashley for big winner!,1,03/13,64,301,Liza Soberano's tip nose,@Serenavanderano We are the 2nd richest country in the world next to Japan sa time ni Marcos.,"Text, Reply",2016-02-25 11:05:00,0,1,1,1,1.0,-0.6408699366628701,-0.20857807856461602,-0.1792677265729413,0.22658174179374146,0.17043097664620058,1,0,0,0,1,1
36,marcos richest,@justjunm,üê∞,The color of my world is only cosmic latte,1,03/15,119,379,NO LOCATION,"Do u know what? PHILIPPINES IS THE 2ND RICHEST COUNTRY IN ASIA NEXT IN JAPAN DURING MARCOS ADMINISTRATION, and it's all just a dream now",Text,2016-05-09 18:33:00,1,2,1,0,4.0,-0.5339633625363751,-0.13419264114536364,0.014835949785346863,0.22658174179374146,-0.32508130730664175,1,0,0,0,0,1
37,marcos richest,@lee_kimeh,Kimeh Freak,"Owl
Orphic",0,10/14,132,24,Davao City,"Philippines was the richest country in Asia during Marcos era, why does this people only looked on Marshall Law thingy?",Text,2016-10-06 21:14:00,1,0,0,0,9.0,-0.5086945359246582,-0.47274174734837127,-0.37337140293122945,-0.5467515943283761,-0.32508130730664175,1,0,0,0,0,0
38,mayaman pilipinas asia marcos,@MarthaMadge,MarthaAl,Kpop fandom has weird obsession.,1,07/20,212,67,NO LOCATION,"Dahil sa mga MARCOS asensado ang Pilipinas noon , mayaman tayo sa buong Asiapero ang daming nainggit sa mga Marcos at gustong pabagsakin sya! TINITINGALA ang mga Marcos sa buong mundo dahil sa daming project nagawa na na built nila at tayo ang nanguguna sa Asia MAG RESEARCH KA 

{Alt-text image: image with red background and white text on why Leni doesn't meet the standards of being a president}","Text, image",2022-02-16 12:20:00,1,0,1,0,73.0,-0.3531940644679383,-0.4317343908223732,-0.37337140293122945,0.22658174179374146,-0.32508130730664175,1,0,0,0,0,1
39,Philippines richest asia marcos,@solitudegent,ŸÇÿßŸÜŸàŸÜ ÿßŸÑÿßŸÜÿ™ÿ±ŸÜÿ™,I am worn out civility. I have been talking incessantly all night with nothing to say.,1,09/21,61,439,Seychelles,"maybe because they are doing bad things, pero yung panahon ng marcos philippines is one of the richest country in asia, mas mahal pa ang peso kaysa sa dollar if u don't know. so u should research about marcoses so u will know what i'm sayinggg.

{Alt-text image: a meme picture dabbing}","Text, reply, image",2021-10-07 03:27:00,0,0,0,0,69.0,-0.646701204342497,-0.07697307389978489,-0.37337140293122945,-0.5467515943283761,-0.32508130730664175,1,0,0,0,0,1
40,Philippines richest asia marcos,@ChristineAgat19,Christine Agatha,The only thing that matters in life is your own opinion about yourself - Osho,0,08/21,62,10,"Tuguegarao City, Cagayan Valle","Before you bash me I'm gonna explain my self. When Marcos is the president the Philippines was rich so rich that we are the 2nd richest country in Asia, but then when Aquino became the president our country and our society dropped now tell me if they are the ""bad guy"" why-","Text, reply",2021-09-26 22:40:00,0,1,1,0,68.0,-0.6447574484492881,-0.486092979705673,-0.1792677265729413,0.22658174179374146,-0.32508130730664175,1,0,0,0,0,0
41,Philippines richest asia marcos,@JMagsTin,Cedric Apacer,Apacer,0,05/10,45,1,Manila City,"@iamsuperbianca
 If Marcos really ruin the the country during his term, why Philippines is one of the richest in Asia? If Aquino saved the Philippines, why is it become poorer during their term?",Text,2021-09-21 19:15:00,1,0,0,0,68.0,-0.677801298633841,-0.49467591479250983,-0.37337140293122945,-0.5467515943283761,-0.32508130730664175,1,0,0,0,0,0
42,Philippines richest asia marcos,@Audrey39602141,The Puzzle of Complexity,"Once the storm is over, you won‚Äôt remember how you made it through, how you managed to survive. You won‚Äôt even be sure, whether the storm is really over.",1,01/21,299,339,NO LOCATION,"Duterte has a vision for the future like Marcos maraming projects para sa Pilipinas. During Marcos time Philippines was the 2nd richest country in Asia. Nong si Corykung na, napagiiwanan na tayo.","Text, Reply",2021-02-04 14:15:00,1,5,0,1,61.0,-0.18408730175875543,-0.17233901930908282,0.5971469788602114,-0.5467515943283761,0.17043097664620058,1,0,0,0,1,0
43,marcos japan,@NicholLast,Nic,"‚ÄúNo one gets left behind, remember?‚Äùüôè",0,10/09,128,166,Quezon City,The Philippines is the second-most powerful country in Asia when it comes to Military and Economic growth next to Japan on Marcos' regime.,Text,2016-11-18 23:33:00,0,0,0,0,10.0,-0.5164695594974942,-0.33732210486716824,-0.37337140293122945,-0.5467515943283761,-0.32508130730664175,1,0,0,0,0,0
44,marcos japan,@JeannMiranda_AB,Jeann Miranda,Anakbayan National Chairperson,0,03/14,1284,4364,NO LOCATION,1. Marcos actually made the Philippines rich. (We were ranked higher than Japan in his time) 2. Crime rates were low 3. It was peaceful,Text,2016-05-11 11:07:00,0,2,1,1,4.0,1.7305122530521078,3.666140283415159,0.014835949785346863,0.22658174179374146,0.17043097664620058,1,0,0,0,0,0
45,marcos japan,@JESSICARECTO,JESSICA RECTO,NO BIO,0,05/14,26,1,NO LOCATION,philippines is wealthy country during the time of marcos...we are more advance to japan and south korea,"Text, Reply",2016-08-15 14:22:00,0,1,1,0,7.0,-0.714732660604812,-0.49467591479250983,-0.1792677265729413,0.22658174179374146,-0.32508130730664175,1,0,0,0,1,0
46,Richest Marcos,@felamag,Felamag,NO BIO,1,10/17,1221,1215,"Riyadh, Kingdom of Saudi Arabi","Totoo yan kahit sa Middle East na Multi Nationals ang mga makasalamuha mo sa trabaho, alam nila sa history books nila na one of richest tayo sa Asia noon, naghirap lang after Marcos regime. Nasabi rin ng friend kong Korean yan.","Text, Reply",2022-08-24 14:07:00,0,34,8,2,79.0,1.6080556317799408,0.663066662476367,6.226153593250568,5.639915094648564,0.6659432605990429,1,0,0,0,1,0
47,Philippines Richest Marcos,@akeviv2,Alevea Velix,Humble Person,1,09/20,96,17,NO LOCATION,"Isang Magnanakaw? How come?? FYI. During the time of Marcos as a president, philippines is one of the richest country in asia!!! Wake up girl!!!! MARCOS TIME LANG ANG SAKALAM","Text, Reply",2021-09-18 17:59:00,1,0,6,0,68.0,-0.5786697480801821,-0.47941736352702213,-0.37337140293122945,4.093248422404329,-0.32508130730664175,1,0,0,0,1,0
48,Philippines Richest Marcos,@CraigHowat1,C&A Howat,"Nature, classical music, exploring the wonders of western civilisation. Protecting free speech from the extreme left and rightwing and preserving democracy.",0,01/22,590,39,"UK, Philippines, Denmark","Like Marcos in Philippines? Philippines was the richest in south-east Asia but everything privatised and it stagnated under corruption until Duturte. Now national investment, tackling crime country growth up.","Text, Reply",2022-10-09 16:42:00,0,0,0,0,81.0,0.38154566316506305,-0.4584368555369766,-0.37337140293122945,-0.5467515943283761,-0.32508130730664175,1,0,0,0,1,0
49,Philippines Richest Marcos,@R3troMerc,Retro,"Don't take 93.205% of my tweets seriously

cba, farts, won't hesitate to beat you up with a plunger",1,11/20,156,7,Outside your house,"Cut the bullshit, Ferdinand Marcos Sr. Only implemented martial law to protect the Philippines from being invaded by the Japanese, if it wasn't for martial law, Philippines would be gone by now. 2:1 ratio for PHP during the term of Marcos, we were once the second richest in Asia.","Text, Reply",2022-05-11 15:10:00,1,0,3,0,76.0,-0.4620443944876422,-0.48895395806795194,-0.37337140293122945,1.7732484140379763,-0.32508130730664175,1,0,0,0,1,0
50,Philippines Richest Marcos,@SolsticeNickzaa,Nickza_üåª,"I'm not good at math but i can give the value
that you deserve. üåª",1,03/21,100,6,NO LOCATION,Why back 1960 the Philippines is the most richest country in the asia dahil kay marcos. At yang sinasabi niyo na kaya sinarado ni Tay digong ang ABS-CBN dahil kuno sa di sila nag bayad ng franchise kuno chuchu kung hindi ni tay digong isinirado babalik balikan nila ang issue -,"Text, Reply",2022-05-10 18:27:00,1,1,0,0,76.0,-0.5708947245073461,-0.4899076175220449,-0.1792677265729413,-0.5467515943283761,-0.32508130730664175,1,0,0,0,1,0
51,Philippines Richest Marcos,@_ilovesjy,abe.,my enhypen,1,10/21,281,358,NO LOCATION,"We were once called the ‚ÄúAsia's Rising Tiger‚Äù because Philippines was one of the richest country in Asia next to Japan when Marcos, Sr. was the President. I hope BBM will do the same in his time.",Text,2022-05-10 12:37:00,0,1,0,0,76.0,-0.2190749078365174,-0.1542194896813162,-0.1792677265729413,-0.5467515943283761,-0.32508130730664175,1,0,0,0,0,0
52,Philippines Richest Marcos,@lalaliciousever,Mikay ‚Äúmikmik‚Äù Dela Rosa,"Simple lyf!,.our nation is destined to be great again!.the tiger of Asia & pearl of the orient is on the rise!BBM-SARAH/UNITEAM..",0,10/11,709,400,Kuwait,..to be fair.. Philippines is one of the richest country in Asia next to Japan during marcos administration..free ang kuryente at tubig dhl gobyerno ang May hawak ng meralco nuon..nging private at ngkroon n ng byad naupo ang mga Aquino..ginawa n business,"Text, Reply",2022-02-22 00:21:00,0,0,2,0,73.0,0.6128526144569338,-0.11416579260941108,-0.37337140293122945,0.9999150779158589,-0.32508130730664175,1,0,0,0,1,1
53,Philippines Richest Marcos,@lalaliciousever,Mikay ‚Äúmikmik‚Äù Dela Rosa,"Simple lyf!,.our nation is destined to be great again!.the tiger of Asia & pearl of the orient is on the rise!BBM-SARAH/UNITEAM..",0,10/11,709,400,Kuwait,Totoo b?..dhl nirinig mo..nrinig mo dn b..Philippines is one of the richest country in Asia next to Japan during Marcos administration..tubig at kuryente is free dhl gobyerno ang May hawak ng meralco nuon..mga hospitals..mga tren..mga palengke at pbhay sa mhihirap nuon..nsearch m,"Text, Reply",2022-02-22 00:04:00,0,0,0,0,73.0,0.6128526144569338,-0.11416579260941108,-0.37337140293122945,-0.5467515943283761,-0.32508130730664175,1,0,0,0,1,1
54,marcos japan,@PresMarcos2022,andrei man,NO BIO,1,04/16,100,13,NO LOCATION,@nz_guimba and remember cuz of Pres.Marcos next to japan we are the second richest country back on his regime :) #BBM4VP,Text,2016-05-10 13:47:00,0,1,0,0,4.0,-0.5708947245073461,-0.48323200134339406,-0.1792677265729413,-0.5467515943283761,-0.32508130730664175,1,0,0,0,0,0
55,Philippines Richest Marcos,@ktr_nma,kat‚Å∑,ü¶ã,1,01/19,388,339,17,funny anti du30 and marcos pero want gera against china...haha people who oust anti duterte and marcos where are you...WHO IS THE ONE WHO WANTS CHINESE TO START A BUSINESS IN PHILIPPINES IN 1969 knowing that the philippines is the 3rd richest country in the whole asia?,Text,2022-01-31 10:12:00,1,0,1,0,72.0,-0.01109302726315459,-0.17233901930908282,-0.37337140293122945,0.22658174179374146,-0.32508130730664175,1,0,0,0,0,1
56,Philippines Richest Marcos,@MissHugotera,sapphire,BBM-SARA ‚úåÔ∏è‚ù§Ô∏èüëäüíö,1,01/18,282,896,Neverland,"WALA NAMANG NINAKAW KASI WALANG MANANAKAW SA PILIPINAS NOON! MARCOS IS ONE OF THE MOST RICHEST BACK THEN EVEN THE PHILIPPINES, #2 RICHEST IN ASIA NUNG PRESIDENT SYA! YUNG TRILYON NA UTANG NG AQUINO FOR 6 YRS PURO TULAY NA SIRA AT REBULTO LANG NAMAN NAGAWA!","Text, Reply",2021-10-30 20:02:00,1,0,2,0,69.0,-0.2171311519433084,0.35884929662070664,-0.37337140293122945,0.9999150779158589,-0.32508130730664175,1,0,0,0,1,1
57,marcos richest,@itsmeYsaBelle88,ms.finally,LIZQUEN...JOSHANE....JUSTIN BIEBER‚ù§‚ù§‚ù§,1,01/16,27,3,sa imong heart...,May good side nmn ang pagiging president ni Marcos noon.....one of the richest tau noon but now....idküòî,Text,2016-02-25 11:27:00,1,1,0,1,1.0,-0.7127889047116029,-0.49276859588432387,-0.1792677265729413,-0.5467515943283761,0.17043097664620058,1,0,0,0,0,1
58,marcos richest,@sandromarcos70,Sandro Marcos,Supporters Account || #BBM4VP,1,05/16,32,35,Manila x London,"Accept the fact that our country is one of the Richest Country in Asia by The Marcos Regime...
#RecountVP
#BBM4VP 
#BongBongIsRealVP",Text,2016-05-11 17:33:00,1,6,0,3,4.0,-0.703070125245558,-0.46225149335334853,0.7912506552184996,-0.5467515943283761,1.1614555445518853,1,0,0,0,0,0
59,marcos richest,@lehmannlaura123,Laura Lehmann FP,STAN ACC ONLY || snc: 02-19-15,1,02/15,537,4907,MWPH laura lehmann follows,"LOL NO! PH IS ONE OF THE RICHEST COUNTRY UNDER MARCOS ERA

{Alt-text quote tweet: Tweet by ABS-CBN News with content ""PNoy: PH was 'sick man of Asia' under Marcos era http://bit.ly/1QzludO""}","Text, Reply",2016-02-25 12:16:00,1,1,0,0,1.0,0.27852660082498615,4.183977366987647,-0.1792677265729413,-0.5467515943283761,-0.32508130730664175,1,0,0,0,1,1
60,marcos richest,@theRJFT,RusselFuentesTarcita,"I'm (soon to be) billionaire, (NOT a) playboy, (aspiring) philanthropist. I am Superman.",0,09/15,74,4838,kepler,"Philippines is the second richest country in asia when Marcos' time!
#EDSA30",Text,2016-02-25 11:15:00,0,1,0,2,1.0,-0.6214323777307801,4.118174864655231,-0.1792677265729413,-0.5467515943283761,0.6659432605990429,1,0,0,0,0,1
61,marcos richest,@lehmannlaura123,Laura Lehmann FP,STAN ACC ONLY || snc: 02-19-15,1,02/15,537,4907,MWPH laura lehmann follows,"Nung under ang philippines ng Marcos admin, Philippines is one of the richest country in d world",Text,2016-02-23 20:22:00,0,0,0,0,1.0,0.27852660082498615,4.183977366987647,-0.37337140293122945,-0.5467515943283761,-0.32508130730664175,1,0,0,0,0,1
62,marcos richest,@nicolemaniquis_,nicole,NO BIO,0,07/14,321,424,NO LOCATION,"during marcos' time, we were one of the richest country in asia and did a lot of things. and yet, people only see his mistakes üôÑ",Text,2016-11-09 22:28:00,1,3,1,0,10.0,-0.14132467210815747,-0.09127796571117958,0.20893962614363504,0.22658174179374146,-0.32508130730664175,1,0,0,0,0,0
63,richest country in asia,@bless_meli,Bless Meli,"I'm a proud SOLID BBM SUPPORTER
Let's bravely fight for what we believe in.",1,12/15,508,742,"NCR, Republic of the Phils","We were the richest country in Asia. #FEMrealHERO During his time.

{Alt-text image: photo of former president Ferdinand Marcos Sr. with a list of supposed achievements during his presidency.}","Text, Image",2016-08-13 16:04:00,0,6,0,10,7.0,0.2221576799219252,0.21198574069038784,0.7912506552184996,-0.5467515943283761,4.630041532221782,1,1,0,0,0,0
64,richest country in asia,@ncglnnnn,o)!u,ü•Ä,1,02/16,138,258,"Ilocos Region, Republic of the",Philippines is the richest country in asia next to Japan during the Marcos Era.,Text,2016-05-10 23:06:00,0,0,1,0,4.0,-0.49703200056540414,-0.24958543509061415,-0.37337140293122945,0.22658174179374146,-0.32508130730664175,1,0,0,0,0,0
65,richest country in asia,@SsanBartZ,One Flag One Nation,Vdrink Malunggay Juice Drink,1,02/16,242,258,NO LOCATION,"If i given a chance to go back in time I'll choose to be in Marcos era that time Philippines is 2nd to d richest country in Asia
#BangonPnas",Text,2016-05-02 19:49:00,1,0,0,0,4.0,-0.2948813876716683,-0.24958543509061415,-0.37337140293122945,-0.5467515943283761,-0.32508130730664175,1,0,0,0,0,1
66,richest country in asia,@jashmenereine,-,almost but not quite,0,11/13,304,629,ph,"Accept the fact that our county was one of the richest country in Asia by the Marcos regime. 
@sandromarcos7
  #BongBongIsRealVP",Text,2016-05-11 18:18:00,1,0,0,0,4.0,-0.17436852229271044,0.10422222237788119,-0.37337140293122945,-0.5467515943283761,-0.32508130730664175,1,0,0,0,0,0
67,richest country in asia,@RamosShirk,H A C K E D,H A C K E D,1,05/13,108,602,"Scaggsville, MD",Ferdinand Emmanuel Edralin Marcos generation is better. We are the 2nd Richest Country in Asia during his time. üëåüëçüí™#TigerOfAsia #Discipline,Text,2016-01-08 16:27:00,0,0,0,0,0.0,-0.5553446773616741,0.07847341711737074,-0.37337140293122945,-0.5467515943283761,-0.32508130730664175,1,0,0,0,0,1
68,richest country in asia,@PresMarcos2022,andrei man,NO BIO,1,04/16,100,13,NO LOCATION,"@atty_chinito
 look where our country got into back on his regime ONE OF THE RICHEST COUNTRY IN ASIA.","Text, Reply",2016-05-11 23:20:00,1,0,1,0,4.0,-0.5708947245073461,-0.48323200134339406,-0.37337140293122945,0.22658174179374146,-0.32508130730664175,1,0,0,0,1,0
69,richest country in asia,@kimverly_cutie,hopeeeeeeüíôüñ§,"I close my eyes to see the beauty of 
darkness.. To let my heart settle for
the light in your eyes.. (L27) (bubbles x Ot16) Bui's safe zone üíô 
@JakeB4rever",1,08/10,532,189,philippines,Our country used to be the second richest and powerful country within Asia in Marco's time. What about yellow flag? DUTERTE TILL THE END,Text,2016-05-05 20:53:00,1,2,0,4,4.0,0.26880782135894116,-0.31538793742302973,0.014835949785346863,-0.5467515943283761,1.6569678285047276,1,0,0,0,0,1
70,richest country in asia,@BloomyPanda,Cheniru Kim,"i fall in love with KPop.... Chinita, makulit, author sa watty BloomyRain is my pen name. I love traveling.",1,09/15,29,4,Pangasinan,#Marcos is the only President who made the Philippines as one of the Richest Country in Asia and the ff. Made us as one of the Poor Country,Text,2016-02-25 11:37:00,0,0,0,0,1.0,-0.708901392925185,-0.4918149364302309,-0.37337140293122945,-0.5467515943283761,-0.32508130730664175,1,0,0,0,0,1
71,richest country in asia,@therealmrsbyun,üôä patchot üôä,‚ô•exol&bbhstan since 041811‚ô•‚ö†I could be your nightmare or your paradise depends on how you treat me‚ö† üôà Mas dyosa pa sa diwata üôà,1,09/14,1039,948,sa dorm ng EXO ag ag,"When FM was still the pres of the ph, ph is second to the most richest country in asia. What if BBM&DU30 can make it again? #BBM4VP #DU30",Text,2016-05-10 15:37:00,0,8,0,2,4.0,1.254292059215903,0.4084395882335416,1.1794580079350758,-0.5467515943283761,0.6659432605990429,1,0,0,0,0,0
72,richest country in asia,@vonericksonn,von,a taurus,0,12/12,1385,866,NO LOCATION,we were the 3rd richest country in Asia during the Marcos regime. but people only know him about his dictatorship. #EDSA30,Text,2016-02-25 15:02:00,0,0,0,0,1.0,1.9268315982662165,0.33023951299791726,-0.37337140293122945,-0.5467515943283761,-0.32508130730664175,1,0,0,0,0,1
73,richest country in asia,@xtian_ss,mr. gr√¶y #KVersePH_TAEYEON,he/they ‚Ä¢ taeyeon ‚Ä¢ girls' generation ‚Ä¢ aespa ‚Ä¢ (KTY.18.23) (TIFF.20) (GG.RV.15) (√¶.23) üêº,1,03/14,189,2506,bns acc: @shikicart_ss,"@AHSUJUSSI
 oooohhh wow.. oo nga noh. For a time baga, Ph was considered as the 2nd richest country in asia behind jap. Only marcos.","Text, Reply",2016-05-10 09:16:00,1,0,0,0,4.0,-0.39790045001174523,1.8942410177104034,-0.37337140293122945,-0.5467515943283761,-0.32508130730664175,1,0,0,0,1,0
74,richest country in asia,@aiesheen,d√°,RN 2024 ü§ûüèª,1,12/14,174,327,NO LOCATION,But let's admit it Philippines is the richest country in Asia under the Marcos administration.,Text,2017-09-11 19:37:00,1,1,1,0,20.0,-0.4270567884098802,-0.18378293275819857,-0.1792677265729413,0.22658174179374146,-0.32508130730664175,1,0,0,0,0,0
75,richest country in asia,@perpolmrqz,Cheyen Marquez,"The more power you have, the more humble you should be.

INC for life.",0,02/13,75,39,NO LOCATION,"@nesfruta1027
 @_AmyDunne Ah ganun po ba? Kaya pala Philippines was the second richest country in Asia, next only to Japan.","Text, Reply",2016-05-10 18:27:00,1,0,1,0,4.0,-0.619488621837571,-0.4584368555369766,-0.37337140293122945,0.22658174179374146,-0.32508130730664175,1,0,0,0,1,0
76,richest country in asia,@mikhaelpaolo,mikhael,behind the scenes,0,01/13,2242,1605,NO LOCATION,"If ex President Ferdinand Marcos stole money from the Filipino people, why was the Philippines the richest country in Asia?",Text,2016-05-16 01:07:00,1,1,0,0,4.0,3.592630398746328,1.034993849572629,-0.1792677265729413,-0.5467515943283761,-0.32508130730664175,1,0,0,0,0,0
77,richest country in asia,@poutybaby_123,Pouty,P.S. I'm not yet a voter,1,05/16,5,5,"Rizal, Rehiyon ng Lambak ng Ca","When Marcos was the president of this country, the Philippines is the second richest country in Asia. #BBM4VP https://twitter.com/faithbasbas_/status/729892440849571840","Text, URL",2016-05-10 12:41:00,0,1,0,0,4.0,-0.7555515343622009,-0.4908612769761379,-0.1792677265729413,-0.5467515943283761,-0.32508130730664175,1,0,0,1,0,0
78,marcos pinakamayaman,@lying_specter,LyingSpecter,NO BIO,1,05/16,3,1,NO LOCATION,"kapag MARCOS martial law agad?Binulag na kayo ng media!Sa panahon niPres.Marcos,isa ang PINAS SA PINAKAMAYAMAN NA BANSA!
#TuwidNaDayaan",Text,2016-05-16 22:00:00,1,0,0,0,4.0,-0.7594390461486189,-0.49467591479250983,-0.37337140293122945,-0.5467515943283761,-0.32508130730664175,1,0,0,0,0,0
79,marcos pinakamayaman,@happpppymess,‚â°,"you are perfect for your purpose | Ephesians 2:10
manifesting future ceo lawyer of my fam
assia x lyana x cha x gracey = well, me? lols",1,04/14,23,526,NO LOCATION,"Nung si Marcos ang presidente, pangalawa ang Pilipinas sa pinakamayaman sa Asia. Ano palag?",Text,2016-05-10 10:09:00,1,0,0,0,4.0,-0.7205639282844389,0.005995298606304315,-0.37337140293122945,-0.5467515943283761,-0.32508130730664175,1,0,0,0,0,0
80,marcos pinakamayaman,@joycyyyyyyyy,jisoo',NO BIO,1,05/15,161,337,NO LOCATION,Ateng baka ikaw yung walang alam sa history. Pilipinas ang pinakamayaman sa Asia sa panahon ni Marcos. https://twitter.com/divine_elcano/status/730318519254933505,"Text, URL",2016-05-11 16:51:00,1,1,0,0,4.0,-0.4523256150215972,-0.17424633821726876,-0.1792677265729413,-0.5467515943283761,-0.32508130730664175,1,0,0,1,0,0
81,marcos pinakamayaman,@Jyyylinjoyy,JYLIN,"Above all else guard your heart, for it is the wellspring of life. ‚ù§Ô∏è                                                             IG: ohitsjylin",1,09/15,399,153,NO LOCATION,"@Jyyylinjoyy
 nabal-an ko nga si Marcos ang the best nga president, nga sa time nya isa sa pinakamayaman ang PH","Text, Reply",2016-04-14 10:02:00,1,0,0,0,3.0,0.01028828756214439,-0.34971967777037694,-0.37337140293122945,-0.5467515943283761,-0.32508130730664175,1,0,0,0,1,1
82,marcos pinakamayaman,@joel_bandido,joel de guzman,godsaveyou,0,09/11,104,6,Manila,"dati si marcos pa presidente no# 2 tayo sa pinakamayaman ngaun san na tayo no#1 corrupt at droga at no#1 tayo sa sisi sisi ng sisi,",Text,2016-11-20 09:37:00,1,0,0,0,10.0,-0.5631197009345101,-0.4899076175220449,-0.37337140293122945,-0.5467515943283761,-0.32508130730664175,1,0,0,0,0,0
83,marcos pinakamayaman,@jamviloria1,jam viloria,NO BIO,0,06/14,363,23,NO LOCATION,"@suigeneris_05 
@jutaca33
 tama naman si Ranidel ha. Noong panahon ni Marcos isa sa pinakamayaman ang Pilipinas. malakas at kinatatakutan.","Text, Reply",2016-02-25 12:38:00,0,3,4,0,1.0,-0.05968692459337955,-0.47369540680246425,0.20893962614363504,2.546581750160094,-0.32508130730664175,1,0,0,0,1,1
84,marcos pinakamayaman,@marjem123,‚ôèiL√´√™NƒÅ B.,life is WODERFUL to deal with stressüòò,1,07/14,819,2095,NO LOCATION,"May mangamali siguro nagawa si Marcos...but meron din nagawang maganda noon isa tayo sa pinakamayaman

Sana Dina maulit mga maling yun",Text,2016-02-25 11:22:00,1,2,0,0,1.0,0.8266657627099236,1.5022869820781888,0.014835949785346863,-0.5467515943283761,-0.32508130730664175,1,0,0,0,0,1
85,marcos pinakamayaman,@lwtconnectedhes,francine ; ia bc college,"‚ùù When you're right here beside me, there's nothing else I need. Yeah, your eyes keep me reminded that nothing's out of reach. ‚ùû || saw h+n/4 ‚ô°",1,02/14,1184,7343,@pornoglarry's my other half ‚ö¢,ang kasalanan ng tatay niya ay wag ng isisi sa anak fyi mas madaming nagawa ang mga Marcos kaysa sa Aquino and naging isa sa pinakamayaman +,Text,2016-05-10 11:04:00,1,0,1,0,4.0,1.536136663731208,6.507091797158144,-0.37337140293122945,0.22658174179374146,-0.32508130730664175,1,0,0,0,0,0
86,marcos pinakamayaman,@jamesparmis,"Jaime II Parmis, PMP¬Æ",PMP¬Æ Certified ‚Ä¢ Data Analyst Certified ‚Ä¢ Data Scientist Certified ‚Ä¢ IT Support Certified ‚Ä¢ Cybersecurity Analyst Certified ‚Ä¢ Social Media Certified,0,04/08,711,1044,United Arab Emirates,VIRAL NOW! Alam niyo ba na ang Pilipinas ay isa sa pinakamayaman na bansa sa panahon ni Marcos? Basahin niyo ito... http://fb.me/PAvrqWNL,"Text, URL",2016-05-23 11:46:00,2,3,1,3,4.0,0.6167401262433518,0.4999908958264676,0.20893962614363504,0.22658174179374146,1.1614555445518853,1,0,0,1,0,0
87,marcos pinakamayaman,@Jhunel_Corby,Corby N.,Gemini | Anime Fan | Shy type | Loner | UnSocial | Designer sometimes | Simple | Single | Tweet me for more info. |,0,01/12,1719,525,"San Fernando City, La Union","Puro negatibo nakikita nyo sa Martial Law at sa panahon ni marcos, Siguro naman di nyo maipagkakailang ang bansa noon ang pinakamayaman.",Text,2016-05-11 06:10:00,1,1,0,0,4.0,2.576046066598022,0.005041639152211336,-0.1792677265729413,-0.5467515943283761,-0.32508130730664175,1,0,0,0,0,0
88,richest country next to japan,@krstnysh,kyshi ‚òæ,üáØüáµüáµüá≠ strawhat,1,03/15,463,544,"Tokyo, Japan",P.Marcos was seriously a great pres back then. Philippines as the 2nd richest country next to Japan.  #BBM4VP,Text,2016-05-10 13:44:00,1,1,0,0,4.0,0.13468866472752028,0.023161168779977943,-0.1792677265729413,-0.5467515943283761,-0.32508130730664175,1,0,0,0,0,0
89,richest country next to japan,@spicysisiggg,Hopiamanipopcorn,Vanda margraf üíï,1,10/15,471,304,Soul Society ,"If Ferdinand Marcos Stole Billions from the Filipinos then why is the Philippines the richest country next to japan? 
#BBM4VP",Text,2016-05-10 13:54:00,1,0,1,0,4.0,0.15023871187319227,-0.20571710020233708,-0.37337140293122945,0.22658174179374146,-0.32508130730664175,1,0,0,0,0,0
90,richest country next to japan,@iiamCzarinaaa,‚≠êÔ∏è,üåº,1,04/14,98,246,NO LOCATION,If I stole money from the people why the Philippines is the richest country next to Japan during my regimen? - Ferdinand Marcos,Text,2016-02-26 06:51:00,0,3,0,0,1.0,-0.5747822362937641,-0.26102934853972987,0.20893962614363504,-0.5467515943283761,-0.32508130730664175,1,0,0,0,0,1
91,richest country next to japan,@DianeLauronSong,Jiyiane Lauron,Have courage and be kind,0,12/13,299,58,Manila ‚Ä¢ Madrid,If I stole money from the people why the Philippines is richest country next to Japan during my regiment? -Ferdinand Marcos #FEMrealHero,Text,2016-08-13 17:12:00,0,0,0,0,7.0,-0.18408730175875543,-0.44031732590921,-0.37337140293122945,-0.5467515943283761,-0.32508130730664175,1,0,0,0,0,0
92,richest country next to japan,@babuwuvv,M,okeh,1,04/16,173,11,bahay,Anong meron ngayon kung Marcos sya? Our Former President Ferdinand Marcos made our country the Richest country next to japan.,Text,2016-05-10 12:16:00,1,0,0,0,4.0,-0.4290005443030892,-0.48513932025158,-0.37337140293122945,-0.5467515943283761,-0.32508130730664175,1,0,0,0,0,0
93,richest country next to japan,@imrommelpalmes,Palmes Rommel,"Someday you'll look back and all this pain is gonna be, Invisible",0,05/16,73,4,"Paranaque City, Philippines","research po, on Marcos era, tau nagpaputang sa ibang bansa :) we'r the richest country non next to japan.  so ?","Text, Reply",2016-05-14 04:38:00,0,0,1,0,4.0,-0.623376133623989,-0.4918149364302309,-0.37337140293122945,0.22658174179374146,-0.32508130730664175,1,0,0,0,1,0
94,ferdinand richest,@CloudlexusH,cloudlexus herrera,NO BIO,1,02/16,56,3,NO LOCATION,"If Im Stole Money From THe People 
WHy THe Philippines Is Richest Country 
Nxt To Japan During My Regimen ? 
-Ferdinand E. Marcos",Text,2016-03-22 21:01:00,0,0,0,0,2.0,-0.656419983808542,-0.49276859588432387,-0.37337140293122945,-0.5467515943283761,-0.32508130730664175,1,0,0,0,0,1
95,Philippines richest asia marcos,@bongskie14,William Lovino,I am a Musician... Pls kindly visit or see my videos here... http://youtube.com/user/bongskie14?feature=mhum,0,02/11,40,6,"Dongguan Guangdong, China",but still the Philippines is one of the most richest country in all Asia in Marcos time even if he really stole of not.. Philippines has a good reputation in his term not until Aquino's time the Philippines economy declined.. https://facebook.com/story.php?story_fbid=1673799582726148&id=100002883685297,"Text, url",2018-10-15 09:20:00,0,0,0,0,33.0,-0.687520078099886,-0.4899076175220449,-0.37337140293122945,-0.5467515943283761,-0.32508130730664175,1,0,0,0,0,1
96,Philippines richest asia marcos,@Iamridiculious,Ridiculous,Sama sama tayong BaBaon Muli.,1,08/17,826,246,"Angeles City, Central Lbyuzon",Are you even aware na Philippines is one of the richest country in Asia during Marcos era?,"Text, Reply",2018-09-22 05:05:00,0,1,1,0,32.0,0.8402720539623866,-0.26102934853972987,-0.1792677265729413,0.22658174179374146,-0.32508130730664175,1,0,0,0,1,0
97,Philippines richest asia marcos,@judah45,Jarred25,Bio Gesic...for fever.,1,01/11,251,42,Saudi Arabia,"Ikalat nyo to nang malaman ng lahat ng Pilipino sa mundo 

Ferdinand E. Marcos 
10th President of the Philippines 
During His time as President, the Philippines is; 
-Richest country in Asia 
-First to have Airport in... https://facebook.com/1377446209/posts/10212408024700503/","Text, url",2018-08-24 08:20:00,0,0,0,0,31.0,-0.27738758463278734,-0.45557587717469766,-0.37337140293122945,-0.5467515943283761,-0.32508130730664175,1,0,0,0,0,0
98,Marcos richest Japan,@iamryandlr,Noya,surviving..,1,05/15,294,334,NO LOCATION,Naalala ko na naman yung kwento ni maam jo. Na dati eh 2nd richest country ang pilipinas next to japan huhu sa pamumuno ni ferdinand marcos,"Text, Reply",2018-05-31 21:19:00,0,0,1,0,28.0,-0.19380608122480042,-0.1771073165795477,-0.37337140293122945,0.22658174179374146,-0.32508130730664175,1,0,0,0,1,0
99,Marcos richest Japan,@rerichan605,‚òÖ„Éä„Ç§„Çº„É´üéå‚ú®üíò,NO BIO,1,04/18,203,255,Japan,"If I stole money from the people why the Philippines is richest country next to Japan during my regimen?... F. Marcos 

#TonyMLcomingSoon
@tonythesharky",Text,2018-07-03 13:01:00,0,0,0,2,30.0,-0.37068786750681926,-0.2524464134528931,-0.37337140293122945,-0.5467515943283761,0.6659432605990429,1,0,0,0,0,0
100,Marcos rich Japan,@diana_mcblue,Dollar Bill üíµüí≤üí∂,"I‚Äôm actually not funny, I‚Äôm just mean and people think I‚Äôm joking, Beauty only gets ATTENTION, personality captures the HEART... ‚ù§ God bless youüòáüå©",0,07/20,968,297,"Brooklyn, NY","kung magnanakaw si ferdinand marcos, Chinese said the Philippines was rich country in Marcos time president, Claim: The Philippines was the second richest country to Japan during late dictator Ferdinand Marcos‚Äô administration. paninira lang talaga ng mga oligarch",Text,2021-10-19 14:51:00,0,0,0,0,69.0,1.1162853907980643,-0.21239271638098794,-0.37337140293122945,-0.5467515943283761,-0.32508130730664175,1,0,0,0,0,1
101,Marcos richest Japan,@ninilili_m,lilililili_kim,What is Cucumber Bro?,1,11/21,90,26,NO LOCATION,Wala pong utang ang marcos nung panahon nia cia pa nga ang nagpapahiram sa mga iba't ibang bansa dahil ndi pa nakakarecover nung world war 2.. Sumusunod tayo sa japan noon as 2nd richest country in the world ngaun 3rd world country,"Text, reply",2022-05-11 23:27:00,0,0,0,0,76.0,-0.5903322834394361,-0.47083442844018536,-0.37337140293122945,-0.5467515943283761,-0.32508130730664175,1,0,0,0,0,0
102,Marcos richest Japan,@kcellee,Joy,A wife and a Mom of two beautiful girls üá®üá¶üáµüá≠,1,07/20,179,196,Republic of the Philippines,I was in grade 10/11 here saüá®üá¶ sabi ng teacher ko sa social studies üáµüá≠used to be the 2nd richest Country in Asia next to Japan during Marcos since then nag research na ako . Sobrang nakaka pang hinayang andun na tayo eh pero bcoz of greed naging mahirap na bansa ang Pinas,Text,2022-05-11 11:52:00,0,4,2,0,76.0,-0.4173380089438352,-0.30871232124437886,0.4030433025019232,0.9999150779158589,-0.32508130730664175,1,0,0,0,0,0
103,Marcos richest Japan,@AdilaoKirr,Kirme,‡∏™‡∏ß‡∏±‡∏™‡∏î‡∏µ,0,10/19,117,74,"Davao City, Davao Region","Philippines was richest country next to Japan during Marcos‚Äô term period  

#AnakNgBBMSupporter 
#BBMIsMyPresident2022 
#Halalan2022 
#BBMFORPRESIDENT2022",Text,2022-05-27 01:48:00,0,0,1,0,76.0,-0.5378508743227931,-0.4250587746437223,-0.37337140293122945,0.22658174179374146,-0.32508130730664175,1,0,0,0,0,0
104,Marcos richest Japan,@frncnn__,chii,My behavior depends on your attitude.,1,11/21,47,12,NO LOCATION,"You're saying na hindi naging maganda ang Marcos era? Madami siyang naipagawa. Yung NLEX nga siya ang nagpagawa eh. And bakit nyo sasabihin na magnanakaw sila, eh 2nd to the richest country next to Japan ang Philippines during his days. Nawala lang nung si Aquino na ang nag lead.",Text,2022-03-14 06:16:00,0,0,0,0,74.0,-0.673913786847423,-0.48418566079748704,-0.37337140293122945,-0.5467515943283761,-0.32508130730664175,1,0,0,0,0,1
105,Marcos richest Japan,@VanTaeVintage,Purple‚Å∑,winter bear..üêª,1,03/21,2538,55,Republic of the Philippines,But it just doesn't make sense that the people whom you claimed to be the greatest robber in politics history were the ones who made our country become the second richest country in Asia next to Japan. Why did it happen only in Marcos' time? Right?,"Text, reply",2021-11-13 22:11:00,0,0,1,0,70.0,4.167982143136191,-0.4431783042714889,-0.37337140293122945,0.22658174179374146,-0.32508130730664175,1,0,0,0,0,1
106,Marcos richest Japan,@AkashiLee2,Amelia,hi!,1,10/21,41,14,NO LOCATION,WHEN FERDINAND MARCOS ONCE SAID: If I stole money from the people why the Philippines is richest country next to Japan during my regimen.,Text,2021-10-27 22:41:00,1,1,0,0,69.0,-0.685576322206677,-0.4822783418893011,-0.1792677265729413,-0.5467515943283761,-0.32508130730664175,1,0,0,0,0,1
107,Marcos richest Japan,@Angelagarseya,Garcia,NO BIO,0,10/20,32,3,"Pilar, Western Visayas",They say marcos stole the money of Filipinos. So why is it our country became the second richest country next to japan and became one of the strongest military power na kinakatakutan at tinitinga ng ibang bansa! Noon yung mga asian neighbor yung nag ooverseas workers sa,"Text, reply",2021-10-13 22:09:00,0,0,1,0,69.0,-0.703070125245558,-0.49276859588432387,-0.37337140293122945,0.22658174179374146,-0.32508130730664175,1,0,0,0,0,1
108,Marcos richest Japan,@MarupoksaRaStro,sa rastro (& freenbecky i guess) aq rurupok,Marupok sa RaStro pero suma-sideline sa ibang barko.,1,04/21,323,328,rs √ó fb || she/her,"I also asked some of my relatives that were present during Martial Law and Marcos' term, and they all said that during his time, the country was at peace, the country was the most respected and richest in Asia, richer than America and Japan. Opposite from what the media says now.",Text,2021-09-21 12:40:00,1,1,1,2,68.0,-0.13743716032173947,-0.1828292733041056,-0.1792677265729413,0.22658174179374146,0.6659432605990429,1,0,0,0,0,0
109,Marcos richest Japan,@Lorea_Btst19,Slapsoil,AgriCOOLturist,1,06/21,10,10,"Cordon, Cagayan Valley","if Ferdinand Marcos really stole money from the people, why does the Philippines is the richest country next to Japan in his regime? I think more than 800+ cases were filed against the marcos family but until now, Wala pang napapatunayanüòÇüòÇüòÇüòÇ",Text,2021-09-20 14:48:00,1,1,0,0,68.0,-0.745832754896156,-0.486092979705673,-0.1792677265729413,-0.5467515943283761,-0.32508130730664175,1,0,0,0,0,0
110,Marcos richest Japan,@christi79898142,christian roi:),aku mencintaimu,0,08/19,31,35,dito malapit sa citimart,"if i stole money from people
why the philippines is the richest next to the japan during my regime""

-FERDINAND MARCOS",Text,2021-07-07 18:57:00,0,2,0,0,66.0,-0.705013881138767,-0.46225149335334853,0.014835949785346863,-0.5467515943283761,-0.32508130730664175,1,0,0,0,0,0
111,Marcos richest Japan,@LSF_52098,Arrietty ü§ç,"‚àáVIIŒîVIII Fall seven times, stand up eight.- Zari ü§ç",1,12/20,1372,552,Republic of the Philippines,"If I stole money from people why the Philippines is the richest country next to Japan during my regimen?
 -President Ferdinand Marcos",Text,2021-03-13 15:53:00,0,0,0,0,62.0,1.9015627716544996,0.030790444412721777,-0.37337140293122945,-0.5467515943283761,-0.32508130730664175,1,0,0,0,0,0
112,Marcos mayaman Japan,@Darksparrow11,Darksparrow,NO BIO,1,09/18,35,3,NO LOCATION,"Oo kasi nung time ni Marcos mas mayaman pa tayo  sa korea nun, at nakaka habol pa tayo sa Japan nun","Text, reply",2021-09-20 05:10:00,0,0,0,0,68.0,-0.697238857565931,-0.49276859588432387,-0.37337140293122945,-0.5467515943283761,-0.32508130730664175,1,0,0,0,0,0
113,Pilipinas mayaman asia marcos,@ValentinoEvang1,ValentinoEvangelista,find out???,0,02/21,24,1,NO LOCATION,Hero nakilala Ang pilipinas dahil sa Marcos bilang pngalawa na mayaman sa Asia ganyan sya kagaling ngayun tyo nasa thirdworld country simula hinawakan ni Aquino,"Text, reply",2022-01-04 01:38:00,0,0,0,0,72.0,-0.71862017239123,-0.49467591479250983,-0.37337140293122945,-0.5467515943283761,-0.32508130730664175,1,0,0,0,0,1
114,Pilipinas mayaman asia marcos,@tramonti_e_tu,Leanna,‚ù§Ô∏èüíö,1,10/21,9,5,NO LOCATION,Kung mananakaw ang mga Marcos bakit pumapangalawanh pinaka mayaman ng Asia ang Pilipinas nung Marcos Era? Bobo mema kang pukingina ka. Mag aral ka nga! Bobo!!,"Text, reply",2021-10-08 00:13:00,1,0,0,0,69.0,-0.7477765107893649,-0.4908612769761379,-0.37337140293122945,-0.5467515943283761,-0.32508130730664175,1,0,0,0,0,1
115,Pilipinas mayaman asia marcos,@Patrickxxx16,Patrickxxx,"marriedüéàdadbudüí™fitness 1stüß†always hornyü™±hardfuckerüß®‚ô•Ô∏è love has no gender üçÜü§óüö• discreet to discreet üßû‚Äç‚ôÇÔ∏è
solid BBM‚ô•Ô∏èüíöSARA üí™üí™üí™",1,09/21,478,149,"Cebu City, Central Visayas",Bakit? Naipanganak ka naba dati nong kay marcos regime? Alam mo ba anong nagawa ni marcos sa pilipinas dati? Alam mo ba na pinaka mayaman tau sa asia dati? Nong aquino administration don na lamagak ang corruption.. dont say if f mo alam ang history.. research din pag me time sir,"Text, reply",2021-09-23 08:02:00,1,0,0,0,68.0,0.16384500312565525,-0.35353431558674886,-0.37337140293122945,-0.5467515943283761,-0.32508130730664175,1,0,0,0,0,0
116,richest country next to japan,@kcellee,Joy,A wife and a Mom of two beautiful girls üá®üá¶üáµüá≠,1,07/20,179,197,Republic of the Philippines,"I was in grade 10 or 11 topic namin nun sa social studies ung mga naging dictatorship ng ibang bansa of course kasali si FM tapos sabi ng teacher ko Philippines used to be the 2nd most powerful and richest country in asia next to Japan. 

#BBMSaraUNITEAM",Text,2022-04-14 02:04:00,1,1,2,0,75.0,-0.4173380089438352,-0.3077586617902859,-0.1792677265729413,0.9999150779158589,-0.32508130730664175,1,0,0,0,0,1
117,richest country next to japan,@krisha_roms14,Kri Sha,NO BIO,1,09/21,41,10,NO LOCATION,""" If he stole Money from the people, why the Philippines is the richest country next to Japan the regime.?""","Text, reply",2021-10-24 09:44:00,0,0,1,0,69.0,-0.685576322206677,-0.486092979705673,-0.37337140293122945,0.22658174179374146,-0.32508130730664175,1,0,0,0,0,1
118,richest country next to japan,@CessBee1,Cess Bee,Dancing. Photography. Hiking. Loves God. Loves Jay Park.,0,01/19,11,2,NO LOCATION,"So sa tingin mo legit yan?If totoong nagnakaw si FEM,bakit richest country ang Pilipinas next to Japan during FEM regimen? Bakit mababa ang mga bilihin?Madali lng nmn dayain mga yan.Mas manniwala ako sa mga nakkita ko like PICC, SLEX, NLEX,lung heart center, pgh at 13thmonth pay.","Text, reply",2021-09-28 17:31:00,1,0,0,0,68.0,-0.7438889990029469,-0.49372225533841685,-0.37337140293122945,-0.5467515943283761,-0.32508130730664175,1,0,0,0,0,0
119,panahon marcos pinakamayaman,@ilovebbm02,ilovebbm,BbmLoyalist,1,05/22,0,1,NO LOCATION,Paano lulubog eh pangalawa nga tayo sa mundo na pinakamayaman nung panahon ni marcos masagana pa noon ng si cory ang pumalit naghirap na purO benta lang ginawa at rebolto lahat ng maron tayo now gawa ng marcos yan .. kahit kelan ndi maghihirap ang mga tao kay fem..  mgresearch ka,"Text, reply",2022-08-05 10:18:00,1,0,0,0,79.0,-0.765270313828246,-0.49467591479250983,-0.37337140293122945,-0.5467515943283761,-0.32508130730664175,1,0,0,0,0,0
120,panahon marcos pinakamayaman,@RicoJuan029,Jan Ric,Im Angel looking with a Devil attitude,1,07/17,203,8,NO LOCATION,"Bago kayo mag fact check Rappler , e dahil Matatalino kayo Dapat alam niyong hoax yan hahaha ... Pinakamayaman sa panahon ni Marcos, bat need pa mangutang at malubog sa utang ang Pinas haha","Text, reply",2022-05-28 13:34:00,1,0,0,0,76.0,-0.37068786750681926,-0.48800029861385896,-0.37337140293122945,-0.5467515943283761,-0.32508130730664175,1,0,0,0,0,0
121,panahon marcos pinakamayaman,@vI7EminSoysall,Emin Soysal,Galatasaray | ultrAslan UNI | Psychologist,0,06/21,408,32,NO LOCATION,Ganun ba may gudd di ko alam paanu sasabihin sau sa panahon ni Marcos tau ang pinakamayaman na bansa sa boung Asia Tau pinaka malakas na sandatahan sa boung Asia,"Text, reply",2022-03-15 20:03:00,1,0,3,0,74.0,0.027782090601025374,-0.4651124717156275,-0.37337140293122945,1.7732484140379763,-0.32508130730664175,1,0,0,0,0,1
122,panahon marcos pinakamayaman,@_opon,Kim Opon,tiktok,0,10/12,751,156,phillippines,Wala kang pakialam kung cnu ang ibobotp namin.. Doon na kmi sa sinasabi mong corrupt ang ama pero number ang pilupinas sa pinakamayaman na bansa noong panahon pa ng marcos .. Cge nga kung my utak ka.. Paano magiging corrupt ? Ang number one most riches country ang pinas sa asiaüòÇ,"Text, reply",2022-03-09 00:08:00,1,0,0,0,74.0,0.6944903619717118,-0.34685869940809805,-0.37337140293122945,-0.5467515943283761,-0.32508130730664175,1,0,0,0,0,1
123,panahon marcos pinakamayaman,@lec1620,lec,NO BIO,1,07/20,178,103,baguio,"hoi ilan lang kau at ano yang pinaglalaban nio!!?ilang dilawans na ang naupo may nangyari ba sa pinas??wala..kung dati isa tau sa pinakamayaman sa asia nong panahon ni Marcos ngaun wala na bakit??dahil sa kagagawan ng mga dilawan sila ang naglugmok sa pinas at isinisi sa marcos

{Alt-text image: Screenshot of GMA News facebook post about EDSA-People Power Monument activities}","Text, image",2022-02-25 09:27:00,1,10,4,3,73.0,-0.4192817648370442,-0.39740265047502593,1.567665360651652,2.546581750160094,1.1614555445518853,1,0,0,0,0,1
124,panahon marcos pinakamayaman,@lec1620,lec,NO BIO,1,07/20,178,103,baguio,isa tau sa pinakamayaman sa asia noong panahon ni marcos nung pumalit na si cory anong nangyari sa pinas?bakit sa tingin mo magsusulat sila ng magaganda patungkol kay marcos? eh gusto nga nila ciang pabagsakin.common sense na lang po üòâ‚úå,"Text, reply",2022-02-24 17:34:00,1,0,0,0,73.0,-0.4192817648370442,-0.39740265047502593,-0.37337140293122945,-0.5467515943283761,-0.32508130730664175,1,0,0,0,0,1
125,panahon marcos pinakamayaman,@KamaoNiJuan,Pilipinas Sentinel,Kamao Ni Juan supports ‚ù§Ô∏èBBM-SARAüíö. Thank you very much po sa mga nag-follow at nag-follow back sa akin.,1,04/20,1260,1145,Republic of the Philippines,"Fake news pa bakla! Isa tayo sa pinakamayaman na bansa sa Asia nung panahon ng mga Marcos.

","Text, reply",2021-12-31 05:17:00,1,0,0,0,71.0,1.6838621116150918,0.5963105006898585,-0.37337140293122945,-0.5467515943283761,-0.32508130730664175,1,0,0,0,0,1
126,panahon marcos pinakamayaman,@KamaoNiJuan,Pilipinas Sentinel,Kamao Ni Juan supports ‚ù§Ô∏èBBM-SARAüíö. Thank you very much po sa mga nag-follow at nag-follow back sa akin.,1,04/20,1260,1145,Republic of the Philippines,If i remember it right..sa panahon ng Marcos‚Ä¶isa tayo sa pinakamayaman na bansa sa Asia.,"Text, reply",2021-12-31 05:16:00,0,1,0,0,71.0,1.6838621116150918,0.5963105006898585,-0.1792677265729413,-0.5467515943283761,-0.32508130730664175,1,0,0,0,0,1
127,Philippines richest country in asia,@LibremokoOK,Edie wowüíö‚ù§Ô∏èüáµüá≠üôè4ever,"troll. you do not need to like and share my post.‚úåÔ∏èüáµüá≠üíö‚ù§Ô∏è
fight for justice, peace and good leadership, no to puppets and weaklings.",1,12/21,230,74,NO LOCATION,"sad to know that but it is true. philippines is the 2nd richest country in asia, 1st is japan noong si Fem palang nakaupo, akalain nyo, ang pinagbibintangan nyong nagnakaw na maraming naipatayo vs ang dilaw na puro rebulto na walang pakinabang naipatayo","Text, reply",2022-07-07 08:03:00,1,4,1,0,78.0,-0.3182064583901763,-0.4250587746437223,0.4030433025019232,0.22658174179374146,-0.32508130730664175,1,0,0,0,0,0
128,Philippines richest country in asia,@Twicesueeee,JEONGYEON AND DUBUüíØüíúüíôüíöüíöüíõüß°‚ù§Ô∏è,Certified Once,1,12/20,140,25,NO LOCATION,When bbm (snr) had the throne the Philippines was literally the richest country in asia sooooooo suffer a$$ charü§£,Text,2022-04-19 14:20:00,1,0,1,0,75.0,-0.49314448877898615,-0.4717880878942783,-0.37337140293122945,0.22658174179374146,-0.32508130730664175,1,0,0,0,0,1
129,Philippines richest country in asia,@eyuahhh,03.10.2021üíö‚ù§Ô∏è,HINDI KAMI PAPAYAG DAYAIN KA ULIT,1,08/21,2,68,BBM & SARA,"The Marcus‚Äôs is royalty. They‚Äôre a powerful family that only CARED ABOUT THE PHILIPPINES but what did the Aquinos do? Bring them down and STOLE THE GOLD. THE PHILIPPINES WAS THE RICHEST COUNTRY IN ASIA BUT YOU KNOW WHY THE PHILIPPINES FELL APART? BECUZ THE AQUINOS STOLE THE GOLD
",Text,2022-04-12 22:31:00,1,3,3,1,75.0,-0.761382802041828,-0.4307807313682802,0.20893962614363504,1.7732484140379763,0.17043097664620058,1,0,0,0,0,1
130,Philippines richest country in asia,@AAplomina,Annabelle Aplomina,üòçüòç,0,09/15,106,223,NO LOCATION,"Sa time ni Macoy Philippines is one of the richest country in Asia second to Japan but when cory took over Philippines is one of the poorest country in Asia. 
#LabanMarcosJr","Text, reply",2021-11-05 13:24:00,0,1,4,0,70.0,-0.5592321891480921,-0.28296351598386843,-0.1792677265729413,2.546581750160094,-0.32508130730664175,1,0,0,0,0,1
131,Philippines richest country in asia,@ChristineAgat19,Christine Agatha,The only thing that matters in life is your own opinion about yourself - Osho,0,08/21,62,10,"Tuguegarao City, Cagayan Valle","When the Marcoses is the one running the Philippines it was the 2nd richest country in Asia. And now please pick the right person to run our country for us to be the Asia's Tiger and improve. 

PS: I'm just a TEEN I know! But I'm just giving my opinion for our country & society.",Text,2021-09-26 22:37:00,0,1,1,0,68.0,-0.6447574484492881,-0.486092979705673,-0.1792677265729413,0.22658174179374146,-0.32508130730664175,1,0,0,0,0,0
132,Philippines richest country in asia,@RenHu2,Laurene II,"Know A LITTLE about things that MOST KNOW NOTHING about.


(IT Architect, Lawyer, Engineer)",1,03/15,1245,4256,"Victoria, Australia","So that was 1968. Barely 5 yrs after d formation of Malaysia. Things were different then. The Philippines was d richest in country in Asia. Singapore was barely functioning.

The prevailing thought was if a vote by d ppl of Sabah which country to be in, they'll chose PH.","Text, reply",2021-09-19 16:48:00,0,1,1,0,68.0,1.6547057732169568,3.563145062373117,-0.1792677265729413,0.22658174179374146,-0.32508130730664175,1,0,0,0,0,0
133,Philippines richest country in asia,@dikyfbtchs,A N G E L A ‚ù§Ô∏èüíö,FREEDOM WALL | MY PORTAL | uniteam ‚ù§Ô∏èüíö,1,05/21,725,903,NO LOCATION,"I wonder how the ""the greatest thieves"" in the history of the Philippines made Ph known as ""one of the richest country in asia"" or ""golden era"" during their regime. Yet after they step down, Philippines becomes ""one of the poorest"". Hhmmm??üßêü§≠","Text, reply",2022-02-12 15:44:00,1,0,6,0,73.0,0.6439527087482778,0.3655249127993575,-0.37337140293122945,4.093248422404329,-0.32508130730664175,1,0,0,0,0,1
134,richest country in asia,@kcellee,Joy,A wife and a Mom of two beautiful girls üá®üá¶üáµüá≠,1,07/20,179,197,Republic of the Philippines,"Since then nag research na ako. Grabe ang ganda ang linis ng Pinas dati. Well respected ng ibang bansa, can u imagine dati pinas ang nag hi hire nang kasambahay from other countries. Imagine sa panahon ni FM, üáµüá≠ used to be the 2nd richest and powerful country in Asia","Text, reply",2022-04-14 02:11:00,0,0,0,0,75.0,-0.4173380089438352,-0.3077586617902859,-0.37337140293122945,-0.5467515943283761,-0.32508130730664175,1,0,0,0,0,1
135,panahon marcos pinakamayaman,@marvelvlade,Merville Tanqueco,"Love and obey God, and everything good will follow.",0,06/14,185,131,NO LOCATION,"Same teknik ginamit para siraan marcos. Tangina, pinakamayaman pilipinas sa SEA nung panahon nya.","Text, Reply",2019-05-12 22:07:00,1,0,1,0,40.0,-0.4056754735845812,-0.3707001857604225,-0.37337140293122945,0.22658174179374146,-0.32508130730664175,1,0,0,0,1,1
136,panahon marcos pinakamayaman,@mrkcrsdg,"Mark Cris
",WALA LANG TRIP LANG,1,12/18,41,67,BAHALA NA SI BATMAN,dahil sa mga tanginang komunista na yan. SOBRANG GINHAWA NA SIGURO NG PILIPINAS NOON KUNG HINDI LANG NAPATALSIK SI MARCOS NOONG PANAHON NIYA. KAKAINGGIT KASE DATI TAYO ANG PINAKAMAYAMAN NA BANSA NGAYON TAYO NA ANG PINAKAMAHIRAP,"Text, Reply",2019-12-04 20:12:00,1,2,0,2,47.0,-0.685576322206677,-0.4317343908223732,0.014835949785346863,-0.5467515943283761,0.6659432605990429,1,0,0,0,1,0
137,panahon marcos pinakamayaman,@tomato4489,Lynneüíã,"2 words that will define YOU: your DETERMINATION when you have NOTHING, and your ATTITUDE when you have EVERYTHING.",1,06/13,166,44,"Manila,Philippines","tyo sa Singapore at Japan noon na pinakamayaman sa asya.kaso dahil sa mga ninuno ng pinuno ng mga otso derecho mo, na siyang mga tunay na magnanakaw,anyare ngyn sa pilipinas?kung ikaw ay isang kriminal o tamad ng panahon ni Marcos, ay pasensyahan.wala ka talaga lulugaran.","Text, Reply",2019-04-18 04:56:00,1,1,1,0,39.0,-0.4426068355555522,-0.4536685582665117,-0.1792677265729413,0.22658174179374146,-0.32508130730664175,1,0,0,0,1,1
138,panahon marcos mayaman,@shallow1992,shallow12,dont mind meüòúüòúüòú,1,03/18,114,14,NO LOCATION,"at saan mo naman nakuha yang info na yan, kasi so far sa pagkakaalam namin, mayaman ang Pilipinas nong panahon ne Marcos, naghirap lang nung pumalit na yang mga Aquino na yan.. you dont know?..now you know!","Text, Reply",2019-11-28 12:46:00,1,2,1,0,46.0,-0.5436821420024202,-0.4822783418893011,0.014835949785346863,0.22658174179374146,-0.32508130730664175,1,0,0,0,1,0
139,panahon marcos mayaman,@eros56233,Eros,NO BIO,1,01/20,291,9,"National Capital Region, Repub",SAP PAGKAKAALAM KO NUNG NAUPO SI CORY KONG BUMAGSAK ANG PILIPINAS. PANAHON NI MARCOS PINAKA MAYAMAN ANG PILIPINAS SA BUONG ASIA. WAG KANG TANGA.,"Text, Reply",2020-12-18 21:32:00,1,0,1,0,59.0,-0.19963734890442741,-0.487046639159766,-0.37337140293122945,0.22658174179374146,-0.32508130730664175,1,0,0,0,1,0
140,richest marcos Asia,@BLinkS_waRRioR,BLinkSwaRRioR,"BLinkSwaRRioR
YGwaRRioR",1,06/20,205,43,NO LOCATION,"my parents told me that the Marcos is the best , because Fililpino are decisplined, clean and 2nd richest in asia ect.. we provide knowledge and technology in other country. they  have a lot a foreigner working in our country.","Text, Reply",2020-09-03 16:00:00,0,0,1,0,56.0,-0.36680035572040126,-0.4546222177206047,-0.37337140293122945,0.22658174179374146,-0.32508130730664175,1,0,0,0,1,0
141,richest marcos Asia,@Belle_Seg_El,"Serenity
","‚ÄúAs you rise with the morning Sun, think of what a precious privilege it is to be alive,- to breath, to enjoy and love.‚Äù- M.A.",1,05/19,182,185,NO LOCATION,"Found out we were once the most richest country in Asia/world at one point in history during president Marcos terms and I also stumbled upon his speech at the U.S national press & wow he was very intelligent indeed he knows his country very well ++

{Alt URL: A YouTube video of FEM's speech (September 17, 1982)","Text, URL",2019-12-30 20:13:00,0,0,1,0,47.0,-0.4115067412642082,-0.3192025752394016,-0.37337140293122945,0.22658174179374146,-0.32508130730664175,1,0,0,1,0,0
142,richest country next to japan,@LaurenceBernal5,"Laurence Bernaldez
","Vote For BBM!
",0,04/20,70,61,NO LOCATION,"If i Stole Money From The People Why Phillippines Richest Country Next to Japan During My Regimen?

-PFEM",Text,2020-09-02 13:02:00,0,1,0,0,56.0,-0.6292074013036161,-0.4374563475469311,-0.1792677265729413,-0.5467515943283761,-0.32508130730664175,1,0,0,0,0,0
143,richest country next to japan,@itsmaelatte,ü¶ã Bella Hadidn'tüíÄ,"if others can, i don't care",1,12/17,246,226,Dangerous Woman Ave.,"If I stole money from the people why Philippines is richest country next to japan during regimen?

-Ferdinand M.",Text,2019-10-19 21:34:00,0,0,0,0,45.0,-0.28710636409883233,-0.2801025376215895,-0.37337140293122945,-0.5467515943283761,-0.32508130730664175,1,0,0,0,0,0
144,Panahon Marcos SEA,@Andriezxc,aannddrriiee,NO BIO,1,04/16,160,41,NO LOCATION,"FAKE PO YAN WAG PO TAYO MAGPALOKO SA MGA DILAWAN.

Alam mo po ba na tayo ang isa sa pinakamayamang bansa sa SEA sa panahon ni Pres. Marcos at bumagsak dahil sa mga dilawan.

Lahat po na nagsasabi na masama at magnanakaw ang mga Marcos ay bayaran lang ng mga dilawan at aquino.","Text, Reply",2020-10-24 21:10:00,1,0,1,0,57.0,-0.4542693709148062,-0.45652953662879064,-0.37337140293122945,0.22658174179374146,-0.32508130730664175,1,0,0,0,1,0
145,Marcos Southeast Asia,@KarlNicus,Karl,ikaw parin ang pipiliin,1,05/17,527,323,Republic of the Philippines,Bakit dati ang pilipinas simula kay pres aguinaldo hanggang kay pres marcos na wala pang martial law ang pilipinas ang pinakamayamang bansa sa southeast asia  ang piso ay equal sa dollar one is to one ang bigas 5 pesos ang pamasahe sa jeep10 cents sana makabalik sa panahon na ito,Text,2019-05-14 18:25:00,1,0,1,0,40.0,0.25908904189289617,-0.1875975705745705,-0.37337140293122945,0.22658174179374146,-0.32508130730664175,1,0,0,0,0,0
146,marcos richest,@vnepdrnl,Vince Christian,I found my way home,0,11/13,723,1340,NO LOCATION,Which time in history would you like to have lived in? ‚Äî Uhmm sguro nung time ni pres marcos. One of the richest country tayo nun. https://curiouscat.me/padernalvince14/post/487135914?1526707979,"Text, URL",2018-05-19 13:33:00,1,0,0,0,28.0,0.6400651969618598,0.7822740942379894,-0.37337140293122945,-0.5467515943283761,-0.32508130730664175,1,0,0,1,0,0
147,marcos richest,@_PrisonBreak__,Shareef,NO BIO,1,03/17,100,3,NO LOCATION,"@Reuters
 that Marcos Son is our real VP.  And his father, Ferdinand Marcos, had once made our country one of the richest in Asia.","Text, Reply",2018-04-02 16:08:00,0,0,0,0,27.0,-0.5708947245073461,-0.49276859588432387,-0.37337140293122945,-0.5467515943283761,-0.32508130730664175,1,0,0,0,1,0
148,marcos richest,@quenrylle,KrungSeok,"KEP1ER YUJIN! Kim Wooseok ü•∞ 2D1N Kim Jongmin üíô, Taylor Swift, Sandara Park #2PM  TaecyeonxJunhoxNichkhun #Hottestüî• #2ndGenStan #KittisaurusCoco",1,11/10,179,408,Ophir‚òÜHysperiaüî∏VarietyWorld,"FERDINAND MARCOS!! He's one great leader, economist and stategist (disregarding martial law)! Philippines became the richest asian country under his  time. Next is Gloria Arroyo, she's corrupt but com'n, she's great economist. Or Ramon Magsaysay, the president of the masses .","Text, Reply",2018-09-13 10:55:00,1,0,0,0,32.0,-0.4173380089438352,-0.10653651697666724,-0.37337140293122945,-0.5467515943283761,-0.32508130730664175,1,0,0,0,1,0
149,marcos richest,@HazelEddell,eddell,"CB, RCA, CAT | Philippians 4:13üíò | Jeremiah 29:11üéì | üíôüíúüíéüß°",0,02/16,388,362,Republic of the Philippines,"Mr. Ferdinand Marcos, kasi when he was our leader the Philippines was known as one of the richest countries in the world. I would love to see how he handle or how he budget the people's taxes. I love to see him really strengthening the laws and the rules in every single way.","Text, Reply",2018-09-11 16:13:00,1,11,0,4,32.0,-0.01109302726315459,-0.1504048518649443,1.7617690370099401,-0.5467515943283761,1.6569678285047276,1,0,0,0,1,0
150,marcos richest,@painomngsprite,Policarps,Only make moves when your heart's in it. l naval architect and marine engineer l,1,11/16,338,380,NO LOCATION,"Not sure how to respond to this,  during the time of Marcos,  tons of establishments were done,  we were 1 of the richest country in the world,  then again what happened after his presidency?","Text, Reply",2018-09-01 07:46:00,0,0,1,0,32.0,-0.1082808219236045,-0.13323898169127066,-0.37337140293122945,0.22658174179374146,-0.32508130730664175,1,0,0,0,1,0
151,marcos richest,@flizvern,ùêùùê®ùêßùêßùê≤ ùê¨ùê¢ùêßùê¨,"my twitter, my content üåå sabihin niyo lang kung ayaw niyo sa capri ‚ôë ang pangarap ko sa buhay ay maging isang research panelist",1,06/18,348,454,pasci x uplb,"at least Marcos didn't promise too much yet made a huge improvement in the country leading it to be the second richest country next to Japan in his time

while Duterte, hmmmm... I think I made my point https://twitter.com/DEUS84551321/status/1037926827258306560","Text, Reply",2018-09-07 22:28:00,0,1,0,0,32.0,-0.08884326299151452,-0.0626681820883902,-0.1792677265729413,-0.5467515943283761,-0.32508130730664175,1,0,0,0,1,0
152,marcos richest,@mhay_kyla,marj,"prominent, yet careless, and always never enough | 
@gkylamhay",0,12/17,757,794,h,"Di ko naabutan si marcos but my fam is pro marcos, sabi nila dati yung rate ng money is 1=1, 1 dollar=1 peso. Mura bilihin dati, one of the richest countries ang PH, tas ang dami niyang pinagawa, LRT, MRT, PATI YUNG SA ZIGZAG DITO SA ATIMONAN! Let's see the good sides pls https://twitter.com/mjevangelista/status/1043331817779027968","Text, Reply",2018-09-23 10:17:00,0,4,1,0,32.0,0.7061528973309658,0.2615760323032228,0.4030433025019232,0.22658174179374146,-0.32508130730664175,1,0,0,0,1,0
153,pinakamayaman marcos,@Iamcrlcbllr,Carl Caballero,Hustle | Work hard with consistency and determination to earn the life you deserve.,0,06/17,147,183,Republic of the Philippines,"For Me si Marcos Ang Pinaka The Best President sa Lahat 2 Pesos = 1$ kaya ba ng Mga Ibang Presidente yun pinakamayaman pa bansa natin dati pero ngayon Tayo Nangungutang Tsk Aral Aral ng History Mag Research Atehh

{Alt-text image: Student holding a sign saying ""fuck you MARCOS"" and image caption ""GANITO PALA MAGING EDUKADO""}","Text, Image",2018-02-26 16:50:00,1,0,0,0,25.0,-0.47953819752652316,-0.32110989414758756,-0.37337140293122945,-0.5467515943283761,-0.32508130730664175,1,1,0,0,0,0
154,marcos richest,@CortezSkylyveil,sandra cortez,NO BIO,0,10/13,0,1,NO LOCATION,Second richest country ang Phils.pala bfore during Marcos time.. Anyari ngayon? https://fb.me/3cbAts1qV,"Text, URL",2018-03-19 08:00:00,1,0,0,0,26.0,-0.765270313828246,-0.49467591479250983,-0.37337140293122945,-0.5467515943283761,-0.32508130730664175,1,0,0,1,0,0
155,marcos richest,@ly_can,athena_luna„ÄΩüé∂,"MARIS RACAL lang sapat na
Marnigolovers since pbbdays",0,08/17,92,40,NO LOCATION,Base sa status ni marcos at aquino ..from the most richest country to poorer country. Nd ba enough ung proof na nagpapatunay na c president marcos talaga ang may pagpapahalaga at pagmamahal sa bansa? Ive been keeping this feeling pero na weirduhan ako pg isinishare ko sa friends,"Text, Reply",2018-09-16 10:27:00,1,0,2,0,32.0,-0.5864447716530181,-0.4574831960828836,-0.37337140293122945,0.9999150779158589,-0.32508130730664175,1,0,0,0,1,0
156,panahon marcos mayaman,@BlvckSn0w,Black Snow,Pa followback po para lumaki ang ating pamilya! Proud DDS ‚úä bawal ang mga dilawan dito sa account ko! Laban duterte,1,08/18,58,56,Pearl of the Orient,Noong panahon ni marcos tayo pinaka mayaman na bansa sa mundo. Buti nalang si duterte na presidente!,Text,2018-08-11 22:59:00,0,6,0,1,31.0,-0.652532472022124,-0.44222464481739593,0.7912506552184996,-0.5467515943283761,0.17043097664620058,1,0,0,0,0,0
